{"cameraMode":{"drawMode":0,"name":"Shaded","section":"Shading Mode"},"sceneLighting":true,"audioPlay":false,"sceneViewState":{"showFog":true,"showMaterialUpdate":false,"showSkybox":true,"showFlares":true,"showImageEffects":true,"showParticleSystems":true},"in2DMode":false,"pivot":{"x":1.656945824623108,"y":1.1385220289230347,"z":0.07259130477905274},"rotation":{"x":-0.04302911087870598,"y":0.9479911923408508,"z":-0.27960214018821719,"w":-0.1458928883075714},"size":3.6497344970703127,"orthographic":false}